nome,email,data,cidade,valor
Pessoa1,pessoa1@email.com,02/02/2024,Cidade2,7
Pessoa2,pessoa2@email.com,03-03-2024,Cidade3,14
Pessoa3,pessoa3@email.com,2024/04/04,Cidade4,21
Pessoa4,pessoa4@email.com,2024-05-05,Cidade5,28
Pessoa5,pessoa5@email.com,06/06/2024,Cidade6,35
Pessoa6,pessoa6@email.com,07-07-2024,Cidade7,42
Pessoa7,pessoa7@email.com,2024/08/08,Cidade8,49
Pessoa8,pessoa8@email.com,2024-09-09,Cidade9,56
Pessoa9,pessoa9@email.com,10/10/2024,Cidade10,63
Pessoa10,pessoa10@email.com,11-11-2024,Cidade11,70
Pessoa11,pessoa11@email.com,2024/12/12,Cidade12,77
Pessoa12,pessoa12@email.com,2024-01-13,Cidade13,84
Pessoa13,pessoa13@email.com,14/02/2024,Cidade14,91
Pessoa14,pessoa14@email.com,03-15-2024,Cidade15,98
Pessoa15,pessoa15@email.com,2024/04/16,Cidade16,105
Pessoa16,pessoa16@email.com,2024-05-17,Cidade17,112
,,,,
Pessoa18,pessoa18@email.com,07-19-2024,Cidade19,126
Pessoa19,pessoa19@email.com,2024/08/20,Cidade20,133
Pessoa20,pessoa20@email.com,2024-09-21,Cidade1,140
Pessoa21,pessoa21@email.com,22/10/2024,Cidade2,147
Pessoa22,pessoa22@email.com,11-23-2024,Cidade3,154
Pessoa22,pessoa22@email.com,2024/12/24,Cidade4,161
Pessoa24,pessoa24@email.com,2024-01-25,Cidade5,168
Pessoa25,pessoa25@email.com,26/02/2024,Cidade6,175
Pessoa26,pessoa26@email.com,03-27-2024,Cidade7,182
Pessoa27,pessoa27@email.com,2024/04/28,Cidade8,189
Pessoa28,pessoa28@email.com,2024-05-01,Cidade9,196
Pessoa29,pessoa29@email.com,02/06/2024,Cidade10,203
Pessoa30,pessoa30@email.com,07-03-2024,Cidade11,210
Pessoa31,pessoa31@email.com,2024/08/04,Cidade12,217
Pessoa32,pessoa32@email.com,2024-09-05,Cidade13,224
Pessoa33,pessoa33@email.com,06/10/2024,Cidade14,231
,,,,
Pessoa35,pessoa35@email.com,2024/12/08,Cidade16,245
Pessoa36,pessoa36@email.com,2024-01-09,Cidade17,252
Pessoa37,pessoa37@email.com,10/02/2024,Cidade18,259
Pessoa38,pessoa38@email.com,03-11-2024,Cidade19,266
Pessoa39,pessoa39@email.com,2024/04/12,Cidade20,273
Pessoa40,pessoa40@email.com,2024-05-13,Cidade1,280
Pessoa41,pessoa41@email.com,01/02/2024,Cidade2,287
Pessoa42,pessoa42@email.com,07-15-2024,Cidade3,294
Pessoa43,pessoa43@email.com,2024/08/16,Cidade4,301
Pessoa44,pessoa44@email.com,2024-09-17,Cidade5,308
Pessoa45,pessoa45@email.com,18/10/2024,Cidade6,315
Pessoa45,pessoa45@email.com,11-19-2024,Cidade7,322
Pessoa47,pessoa47@email.com,2024/12/20,Cidade8,329
Pessoa48,pessoa48@email.com,2024-01-21,Cidade9,336
Pessoa49,pessoa49@email.com,22/02/2024,Cidade10,343
Pessoa50,pessoa50@email.com,03-23-2024,Cidade11,350
,,,,
Pessoa52,pessoa52@email.com,2024-05-25,Cidade13,364
Pessoa53,pessoa53@email.com,26/06/2024,Cidade14,371
Pessoa54,pessoa54@email.com,07-27-2024,Cidade15,378
Pessoa55,pessoa55@email.com,2024/08/28,Cidade16,385
Pessoa56,pessoa56@email.com,2024-09-01,Cidade17,392
Pessoa57,pessoa57@email.com,02/10/2024,Cidade18,399
Pessoa58,pessoa58@email.com,11-03-2024,Cidade19,406
Pessoa59,pessoa59@email.com,2024/12/04,Cidade20,413
Pessoa60,pessoa60@email.com,2024-01-05,Cidade1,420
Pessoa61,pessoa61@email.com,06/02/2024,Cidade2,427
Pessoa62,pessoa62@email.com,03-07-2024,Cidade3,434
Pessoa63,pessoa63@email.com,2024/04/08,Cidade4,441
Pessoa64,pessoa64@email.com,2024-05-09,Cidade5,448
Pessoa65,pessoa65@email.com,10/06/2024,Cidade6,455
Pessoa66,pessoa66@email.com,07-11-2024,Cidade7,462
Pessoa67,pessoa67@email.com,2024/08/12,Cidade8,469
,,,,
Pessoa68,pessoa68@email.com,14/10/2024,Cidade10,483
Pessoa70,pessoa70@email.com,11-15-2024,Cidade11,490
Pessoa71,pessoa71@email.com,2024/12/16,Cidade12,497
Pessoa72,pessoa72@email.com,2024-01-17,Cidade13,504
Pessoa73,pessoa73@email.com,18/02/2024,Cidade14,511
Pessoa74,pessoa74@email.com,03-19-2024,Cidade15,518
Pessoa75,pessoa75@email.com,2024/04/20,Cidade16,525
Pessoa76,pessoa76@email.com,2024-05-21,Cidade17,532
Pessoa77,pessoa77@email.com,22/06/2024,Cidade18,539
Pessoa78,pessoa78@email.com,07-23-2024,Cidade19,546
Pessoa79,pessoa79@email.com,2024/08/24,Cidade20,553
Pessoa80,pessoa80@email.com,2024-09-25,Cidade1,560
Pessoa81,pessoa81@email.com,26/10/2024,Cidade2,567
Pessoa82,pessoa82@email.com,01/02/2024,Cidade3,574
Pessoa83,pessoa83@email.com,2024/12/28,Cidade4,581
Pessoa84,pessoa84@email.com,2024-01-01,Cidade5,588
,,,,
Pessoa86,pessoa86@email.com,03-03-2024,Cidade7,602
Pessoa87,pessoa87@email.com,2024/04/04,Cidade8,609
Pessoa88,pessoa88@email.com,2024-05-05,Cidade9,616
Pessoa89,pessoa89@email.com,06/06/2024,Cidade10,623
Pessoa90,pessoa90@email.com,07-07-2024,Cidade11,630
Pessoa91,pessoa91@email.com,2024/08/08,Cidade12,637
Pessoa91,pessoa91@email.com,2024-09-09,Cidade13,644
Pessoa93,pessoa93@email.com,10/10/2024,Cidade14,651
Pessoa94,pessoa94@email.com,11-11-2024,Cidade15,658
Pessoa95,pessoa95@email.com,2024/12/12,Cidade16,665
Pessoa96,pessoa96@email.com,2024-01-13,Cidade17,672
Pessoa97,pessoa97@email.com,14/02/2024,Cidade18,679
Pessoa98,pessoa98@email.com,03-15-2024,Cidade19,686
Pessoa99,pessoa99@email.com,2024/04/16,Cidade20,693
Pessoa100,pessoa100@email.com,2024-05-17,Cidade1,700
Pessoa101,pessoa101@email.com,18/06/2024,Cidade2,707
,,,,
Pessoa103,pessoa103@email.com,2024/08/20,Cidade4,721
Pessoa104,pessoa104@email.com,2024-09-21,Cidade5,728
Pessoa105,pessoa105@email.com,22/10/2024,Cidade6,735
Pessoa106,pessoa106@email.com,11-23-2024,Cidade7,742
Pessoa107,pessoa107@email.com,2024/12/24,Cidade8,749
Pessoa108,pessoa108@email.com,2024-01-25,Cidade9,756
Pessoa109,pessoa109@email.com,26/02/2024,Cidade10,763
Pessoa110,pessoa110@email.com,03-27-2024,Cidade11,770
Pessoa111,pessoa111@email.com,2024/04/28,Cidade12,777
Pessoa112,pessoa112@email.com,2024-05-01,Cidade13,784
Pessoa113,pessoa113@email.com,02/06/2024,Cidade14,791
Pessoa114,pessoa114@email.com,07-03-2024,Cidade15,798
Pessoa114,pessoa114@email.com,2024/08/04,Cidade16,805
Pessoa116,pessoa116@email.com,2024-09-05,Cidade17,812
Pessoa117,pessoa117@email.com,06/10/2024,Cidade18,819
Pessoa118,pessoa118@email.com,11-07-2024,Cidade19,826
,,,,
Pessoa120,pessoa120@email.com,2024-01-09,Cidade1,840
Pessoa121,pessoa121@email.com,10/02/2024,Cidade2,847
Pessoa122,pessoa122@email.com,03-11-2024,Cidade3,854
Pessoa123,pessoa123@email.com,01/02/2024,Cidade4,861
Pessoa124,pessoa124@email.com,2024-05-13,Cidade5,868
Pessoa125,pessoa125@email.com,14/06/2024,Cidade6,875
Pessoa126,pessoa126@email.com,07-15-2024,Cidade7,882
Pessoa127,pessoa127@email.com,2024/08/16,Cidade8,889
Pessoa128,pessoa128@email.com,2024-09-17,Cidade9,896
Pessoa129,pessoa129@email.com,18/10/2024,Cidade10,903
Pessoa130,pessoa130@email.com,11-19-2024,Cidade11,910
Pessoa131,pessoa131@email.com,2024/12/20,Cidade12,917
Pessoa132,pessoa132@email.com,2024-01-21,Cidade13,924
Pessoa133,pessoa133@email.com,22/02/2024,Cidade14,931
Pessoa134,pessoa134@email.com,03-23-2024,Cidade15,938
Pessoa135,pessoa135@email.com,2024/04/24,Cidade16,945
,,,,
Pessoa137,pessoa137@email.com,26/06/2024,Cidade18,959
Pessoa137,pessoa137@email.com,07-27-2024,Cidade19,966
Pessoa139,pessoa139@email.com,2024/08/28,Cidade20,973
Pessoa140,pessoa140@email.com,2024-09-01,Cidade1,980
Pessoa141,pessoa141@email.com,02/10/2024,Cidade2,987
Pessoa142,pessoa142@email.com,11-03-2024,Cidade3,994
Pessoa143,pessoa143@email.com,2024/12/04,Cidade4,2
Pessoa144,pessoa144@email.com,2024-01-05,Cidade5,9
Pessoa145,pessoa145@email.com,06/02/2024,Cidade6,16
Pessoa146,pessoa146@email.com,03-07-2024,Cidade7,23
Pessoa147,pessoa147@email.com,2024/04/08,Cidade8,30
Pessoa148,pessoa148@email.com,2024-05-09,Cidade9,37
Pessoa149,pessoa149@email.com,10/06/2024,Cidade10,44
Pessoa150,pessoa150@email.com,07-11-2024,Cidade11,51
Pessoa151,pessoa151@email.com,2024/08/12,Cidade12,58
Pessoa152,pessoa152@email.com,2024-09-13,Cidade13,65
,,,,
Pessoa154,pessoa154@email.com,11-15-2024,Cidade15,79
Pessoa155,pessoa155@email.com,2024/12/16,Cidade16,86
Pessoa156,pessoa156@email.com,2024-01-17,Cidade17,93
Pessoa157,pessoa157@email.com,18/02/2024,Cidade18,100
Pessoa158,pessoa158@email.com,03-19-2024,Cidade19,107
Pessoa159,pessoa159@email.com,2024/04/20,Cidade20,114
Pessoa160,pessoa160@email.com,2024-05-21,Cidade1,121
Pessoa160,pessoa160@email.com,22/06/2024,Cidade2,128
Pessoa162,pessoa162@email.com,07-23-2024,Cidade3,135
Pessoa163,pessoa163@email.com,2024/08/24,Cidade4,142
Pessoa164,pessoa164@email.com,01/02/2024,Cidade5,149
Pessoa165,pessoa165@email.com,26/10/2024,Cidade6,156
Pessoa166,pessoa166@email.com,11-27-2024,Cidade7,163
Pessoa167,pessoa167@email.com,2024/12/28,Cidade8,170
Pessoa168,pessoa168@email.com,2024-01-01,Cidade9,177
Pessoa169,pessoa169@email.com,02/02/2024,Cidade10,184
,,,,
Pessoa171,pessoa171@email.com,2024/04/04,Cidade12,198
Pessoa172,pessoa172@email.com,2024-05-05,Cidade13,205
Pessoa173,pessoa173@email.com,06/06/2024,Cidade14,212
Pessoa174,pessoa174@email.com,07-07-2024,Cidade15,219
Pessoa175,pessoa175@email.com,2024/08/08,Cidade16,226
Pessoa176,pessoa176@email.com,2024-09-09,Cidade17,233
Pessoa177,pessoa177@email.com,10/10/2024,Cidade18,240
Pessoa178,pessoa178@email.com,11-11-2024,Cidade19,247
Pessoa179,pessoa179@email.com,2024/12/12,Cidade20,254
Pessoa180,pessoa180@email.com,2024-01-13,Cidade1,261
Pessoa181,pessoa181@email.com,14/02/2024,Cidade2,268
Pessoa182,pessoa182@email.com,03-15-2024,Cidade3,275
Pessoa183,pessoa183@email.com,2024/04/16,Cidade4,282
Pessoa183,pessoa183@email.com,2024-05-17,Cidade5,289
Pessoa185,pessoa185@email.com,18/06/2024,Cidade6,296
Pessoa186,pessoa186@email.com,07-19-2024,Cidade7,303
,,,,
Pessoa188,pessoa188@email.com,2024-09-21,Cidade9,317
Pessoa189,pessoa189@email.com,22/10/2024,Cidade10,324
Pessoa190,pessoa190@email.com,11-23-2024,Cidade11,331
Pessoa191,pessoa191@email.com,2024/12/24,Cidade12,338
Pessoa192,pessoa192@email.com,2024-01-25,Cidade13,345
Pessoa193,pessoa193@email.com,26/02/2024,Cidade14,352
Pessoa194,pessoa194@email.com,03-27-2024,Cidade15,359
Pessoa195,pessoa195@email.com,2024/04/28,Cidade16,366
Pessoa196,pessoa196@email.com,2024-05-01,Cidade17,373
Pessoa197,pessoa197@email.com,02/06/2024,Cidade18,380
Pessoa198,pessoa198@email.com,07-03-2024,Cidade19,387
Pessoa199,pessoa199@email.com,2024/08/04,Cidade20,394
Pessoa200,pessoa200@email.com,2024-09-05,Cidade1,401
Pessoa201,pessoa201@email.com,06/10/2024,Cidade2,408
Pessoa202,pessoa202@email.com,11-07-2024,Cidade3,415
Pessoa203,pessoa203@email.com,2024/12/08,Cidade4,422
,,,,
Pessoa205,pessoa205@email.com,01/02/2024,Cidade6,436
Pessoa206,pessoa206@email.com,03-11-2024,Cidade7,443
Pessoa206,pessoa206@email.com,2024/04/12,Cidade8,450
Pessoa208,pessoa208@email.com,2024-05-13,Cidade9,457
Pessoa209,pessoa209@email.com,14/06/2024,Cidade10,464
Pessoa210,pessoa210@email.com,07-15-2024,Cidade11,471
Pessoa211,pessoa211@email.com,2024/08/16,Cidade12,478
Pessoa212,pessoa212@email.com,2024-09-17,Cidade13,485
Pessoa213,pessoa213@email.com,18/10/2024,Cidade14,492
Pessoa214,pessoa214@email.com,11-19-2024,Cidade15,499
Pessoa215,pessoa215@email.com,2024/12/20,Cidade16,506
Pessoa216,pessoa216@email.com,2024-01-21,Cidade17,513
Pessoa217,pessoa217@email.com,22/02/2024,Cidade18,520
Pessoa218,pessoa218@email.com,03-23-2024,Cidade19,527
Pessoa219,pessoa219@email.com,2024/04/24,Cidade20,534
Pessoa220,pessoa220@email.com,2024-05-25,Cidade1,541
,,,,
Pessoa222,pessoa222@email.com,07-27-2024,Cidade3,555
Pessoa223,pessoa223@email.com,2024/08/28,Cidade4,562
Pessoa224,pessoa224@email.com,2024-09-01,Cidade5,569
Pessoa225,pessoa225@email.com,02/10/2024,Cidade6,576
Pessoa226,pessoa226@email.com,11-03-2024,Cidade7,583
Pessoa227,pessoa227@email.com,2024/12/04,Cidade8,590
Pessoa228,pessoa228@email.com,2024-01-05,Cidade9,597
Pessoa229,pessoa229@email.com,06/02/2024,Cidade10,604
Pessoa229,pessoa229@email.com,03-07-2024,Cidade11,611
Pessoa231,pessoa231@email.com,2024/04/08,Cidade12,618
Pessoa232,pessoa232@email.com,2024-05-09,Cidade13,625
Pessoa233,pessoa233@email.com,10/06/2024,Cidade14,632
Pessoa234,pessoa234@email.com,07-11-2024,Cidade15,639
Pessoa235,pessoa235@email.com,2024/08/12,Cidade16,646
Pessoa236,pessoa236@email.com,2024-09-13,Cidade17,653
Pessoa237,pessoa237@email.com,14/10/2024,Cidade18,660
,,,,
Pessoa239,pessoa239@email.com,2024/12/16,Cidade20,674
Pessoa240,pessoa240@email.com,2024-01-17,Cidade1,681
Pessoa241,pessoa241@email.com,18/02/2024,Cidade2,688
Pessoa242,pessoa242@email.com,03-19-2024,Cidade3,695
Pessoa243,pessoa243@email.com,2024/04/20,Cidade4,702
Pessoa244,pessoa244@email.com,2024-05-21,Cidade5,709
Pessoa245,pessoa245@email.com,22/06/2024,Cidade6,716
Pessoa246,pessoa246@email.com,01/02/2024,Cidade7,723
Pessoa247,pessoa247@email.com,2024/08/24,Cidade8,730
Pessoa248,pessoa248@email.com,2024-09-25,Cidade9,737
Pessoa249,pessoa249@email.com,26/10/2024,Cidade10,744
Pessoa250,pessoa250@email.com,11-27-2024,Cidade11,751
Pessoa251,pessoa251@email.com,2024/12/28,Cidade12,758
Pessoa252,pessoa252@email.com,2024-01-01,Cidade13,765
Pessoa252,pessoa252@email.com,02/02/2024,Cidade14,772
Pessoa254,pessoa254@email.com,03-03-2024,Cidade15,779
,,,,
Pessoa256,pessoa256@email.com,2024-05-05,Cidade17,793
Pessoa257,pessoa257@email.com,06/06/2024,Cidade18,800
Pessoa258,pessoa258@email.com,07-07-2024,Cidade19,807
Pessoa259,pessoa259@email.com,2024/08/08,Cidade20,814
Pessoa260,pessoa260@email.com,2024-09-09,Cidade1,821
Pessoa261,pessoa261@email.com,10/10/2024,Cidade2,828
Pessoa262,pessoa262@email.com,11-11-2024,Cidade3,835
Pessoa263,pessoa263@email.com,2024/12/12,Cidade4,842
Pessoa264,pessoa264@email.com,2024-01-13,Cidade5,849
Pessoa265,pessoa265@email.com,14/02/2024,Cidade6,856
Pessoa266,pessoa266@email.com,03-15-2024,Cidade7,863
Pessoa267,pessoa267@email.com,2024/04/16,Cidade8,870
Pessoa268,pessoa268@email.com,2024-05-17,Cidade9,877
Pessoa269,pessoa269@email.com,18/06/2024,Cidade10,884
Pessoa270,pessoa270@email.com,07-19-2024,Cidade11,891
Pessoa271,pessoa271@email.com,2024/08/20,Cidade12,898
,,,,
Pessoa273,pessoa273@email.com,22/10/2024,Cidade14,912
Pessoa274,pessoa274@email.com,11-23-2024,Cidade15,919
Pessoa275,pessoa275@email.com,2024/12/24,Cidade16,926
Pessoa275,pessoa275@email.com,2024-01-25,Cidade17,933
Pessoa277,pessoa277@email.com,26/02/2024,Cidade18,940
Pessoa278,pessoa278@email.com,03-27-2024,Cidade19,947
Pessoa279,pessoa279@email.com,2024/04/28,Cidade20,954
Pessoa280,pessoa280@email.com,2024-05-01,Cidade1,961
Pessoa281,pessoa281@email.com,02/06/2024,Cidade2,968
Pessoa282,pessoa282@email.com,07-03-2024,Cidade3,975
Pessoa283,pessoa283@email.com,2024/08/04,Cidade4,982
Pessoa284,pessoa284@email.com,2024-09-05,Cidade5,989
Pessoa285,pessoa285@email.com,06/10/2024,Cidade6,996
Pessoa286,pessoa286@email.com,11-07-2024,Cidade7,4
Pessoa287,pessoa287@email.com,01/02/2024,Cidade8,11
Pessoa288,pessoa288@email.com,2024-01-09,Cidade9,18
,,,,
Pessoa290,pessoa290@email.com,03-11-2024,Cidade11,32
Pessoa291,pessoa291@email.com,2024/04/12,Cidade12,39
Pessoa292,pessoa292@email.com,2024-05-13,Cidade13,46
Pessoa293,pessoa293@email.com,14/06/2024,Cidade14,53
Pessoa294,pessoa294@email.com,07-15-2024,Cidade15,60
Pessoa295,pessoa295@email.com,2024/08/16,Cidade16,67
Pessoa296,pessoa296@email.com,2024-09-17,Cidade17,74
Pessoa297,pessoa297@email.com,18/10/2024,Cidade18,81
Pessoa298,pessoa298@email.com,11-19-2024,Cidade19,88
Pessoa298,pessoa298@email.com,2024/12/20,Cidade20,95
Pessoa300,pessoa300@email.com,2024-01-21,Cidade1,102
Pessoa301,pessoa301@email.com,22/02/2024,Cidade2,109
Pessoa302,pessoa302@email.com,03-23-2024,Cidade3,116
Pessoa303,pessoa303@email.com,2024/04/24,Cidade4,123
Pessoa304,pessoa304@email.com,2024-05-25,Cidade5,130
Pessoa305,pessoa305@email.com,26/06/2024,Cidade6,137
,,,,
Pessoa307,pessoa307@email.com,2024/08/28,Cidade8,151
Pessoa308,pessoa308@email.com,2024-09-01,Cidade9,158
Pessoa309,pessoa309@email.com,02/10/2024,Cidade10,165
Pessoa310,pessoa310@email.com,11-03-2024,Cidade11,172
Pessoa311,pessoa311@email.com,2024/12/04,Cidade12,179
Pessoa312,pessoa312@email.com,2024-01-05,Cidade13,186
Pessoa313,pessoa313@email.com,06/02/2024,Cidade14,193
Pessoa314,pessoa314@email.com,03-07-2024,Cidade15,200
Pessoa315,pessoa315@email.com,2024/04/08,Cidade16,207
Pessoa316,pessoa316@email.com,2024-05-09,Cidade17,214
Pessoa317,pessoa317@email.com,10/06/2024,Cidade18,221
Pessoa318,pessoa318@email.com,07-11-2024,Cidade19,228
Pessoa319,pessoa319@email.com,2024/08/12,Cidade20,235
Pessoa320,pessoa320@email.com,2024-09-13,Cidade1,242
Pessoa321,pessoa321@email.com,14/10/2024,Cidade2,249
Pessoa321,pessoa321@email.com,11-15-2024,Cidade3,256
,,,,
Pessoa324,pessoa324@email.com,2024-01-17,Cidade5,270
Pessoa325,pessoa325@email.com,18/02/2024,Cidade6,277
Pessoa326,pessoa326@email.com,03-19-2024,Cidade7,284
Pessoa327,pessoa327@email.com,2024/04/20,Cidade8,291
Pessoa328,pessoa328@email.com,01/02/2024,Cidade9,298
Pessoa329,pessoa329@email.com,22/06/2024,Cidade10,305
Pessoa330,pessoa330@email.com,07-23-2024,Cidade11,312
Pessoa331,pessoa331@email.com,2024/08/24,Cidade12,319
Pessoa332,pessoa332@email.com,2024-09-25,Cidade13,326
Pessoa333,pessoa333@email.com,26/10/2024,Cidade14,333
Pessoa334,pessoa334@email.com,11-27-2024,Cidade15,340
Pessoa335,pessoa335@email.com,2024/12/28,Cidade16,347
Pessoa336,pessoa336@email.com,2024-01-01,Cidade17,354
Pessoa337,pessoa337@email.com,02/02/2024,Cidade18,361
Pessoa338,pessoa338@email.com,03-03-2024,Cidade19,368
Pessoa339,pessoa339@email.com,2024/04/04,Cidade20,375
,,,,
Pessoa341,pessoa341@email.com,06/06/2024,Cidade2,389
Pessoa342,pessoa342@email.com,07-07-2024,Cidade3,396
Pessoa343,pessoa343@email.com,2024/08/08,Cidade4,403
Pessoa344,pessoa344@email.com,2024-09-09,Cidade5,410
Pessoa344,pessoa344@email.com,10/10/2024,Cidade6,417
Pessoa346,pessoa346@email.com,11-11-2024,Cidade7,424
Pessoa347,pessoa347@email.com,2024/12/12,Cidade8,431
Pessoa348,pessoa348@email.com,2024-01-13,Cidade9,438
Pessoa349,pessoa349@email.com,14/02/2024,Cidade10,445
Pessoa350,pessoa350@email.com,03-15-2024,Cidade11,452
Pessoa351,pessoa351@email.com,2024/04/16,Cidade12,459
Pessoa352,pessoa352@email.com,2024-05-17,Cidade13,466
Pessoa353,pessoa353@email.com,18/06/2024,Cidade14,473
Pessoa354,pessoa354@email.com,07-19-2024,Cidade15,480
Pessoa355,pessoa355@email.com,2024/08/20,Cidade16,487
Pessoa356,pessoa356@email.com,2024-09-21,Cidade17,494
,,,,
Pessoa358,pessoa358@email.com,11-23-2024,Cidade19,508
Pessoa359,pessoa359@email.com,2024/12/24,Cidade20,515
Pessoa360,pessoa360@email.com,2024-01-25,Cidade1,522
Pessoa361,pessoa361@email.com,26/02/2024,Cidade2,529
Pessoa362,pessoa362@email.com,03-27-2024,Cidade3,536
Pessoa363,pessoa363@email.com,2024/04/28,Cidade4,543
Pessoa364,pessoa364@email.com,2024-05-01,Cidade5,550
Pessoa365,pessoa365@email.com,02/06/2024,Cidade6,557
Pessoa366,pessoa366@email.com,07-03-2024,Cidade7,564
Pessoa367,pessoa367@email.com,2024/08/04,Cidade8,571
Pessoa367,pessoa367@email.com,2024-09-05,Cidade9,578
Pessoa369,pessoa369@email.com,01/02/2024,Cidade10,585
Pessoa370,pessoa370@email.com,11-07-2024,Cidade11,592
Pessoa371,pessoa371@email.com,2024/12/08,Cidade12,599
Pessoa372,pessoa372@email.com,2024-01-09,Cidade13,606
Pessoa373,pessoa373@email.com,10/02/2024,Cidade14,613
,,,,
Pessoa375,pessoa375@email.com,2024/04/12,Cidade16,627
Pessoa376,pessoa376@email.com,2024-05-13,Cidade17,634
Pessoa377,pessoa377@email.com,14/06/2024,Cidade18,641
Pessoa378,pessoa378@email.com,07-15-2024,Cidade19,648
Pessoa379,pessoa379@email.com,2024/08/16,Cidade20,655
Pessoa380,pessoa380@email.com,2024-09-17,Cidade1,662
Pessoa381,pessoa381@email.com,18/10/2024,Cidade2,669
Pessoa382,pessoa382@email.com,11-19-2024,Cidade3,676
Pessoa383,pessoa383@email.com,2024/12/20,Cidade4,683
Pessoa384,pessoa384@email.com,2024-01-21,Cidade5,690
Pessoa385,pessoa385@email.com,22/02/2024,Cidade6,697
Pessoa386,pessoa386@email.com,03-23-2024,Cidade7,704
Pessoa387,pessoa387@email.com,2024/04/24,Cidade8,711
Pessoa388,pessoa388@email.com,2024-05-25,Cidade9,718
Pessoa389,pessoa389@email.com,26/06/2024,Cidade10,725
Pessoa390,pessoa390@email.com,07-27-2024,Cidade11,732
,,,,
Pessoa392,pessoa392@email.com,2024-09-01,Cidade13,746
Pessoa393,pessoa393@email.com,02/10/2024,Cidade14,753
Pessoa394,pessoa394@email.com,11-03-2024,Cidade15,760
Pessoa395,pessoa395@email.com,2024/12/04,Cidade16,767
Pessoa396,pessoa396@email.com,2024-01-05,Cidade17,774
Pessoa397,pessoa397@email.com,06/02/2024,Cidade18,781
Pessoa398,pessoa398@email.com,03-07-2024,Cidade19,788
Pessoa399,pessoa399@email.com,2024/04/08,Cidade20,795
Pessoa400,pessoa400@email.com,2024-05-09,Cidade1,802
Pessoa401,pessoa401@email.com,10/06/2024,Cidade2,809
Pessoa402,pessoa402@email.com,07-11-2024,Cidade3,816
Pessoa403,pessoa403@email.com,2024/08/12,Cidade4,823
Pessoa404,pessoa404@email.com,2024-09-13,Cidade5,830
Pessoa405,pessoa405@email.com,14/10/2024,Cidade6,837
Pessoa406,pessoa406@email.com,11-15-2024,Cidade7,844
Pessoa407,pessoa407@email.com,2024/12/16,Cidade8,851
,,,,
Pessoa409,pessoa409@email.com,18/02/2024,Cidade10,865
Pessoa410,pessoa410@email.com,01/02/2024,Cidade11,872
Pessoa411,pessoa411@email.com,2024/04/20,Cidade12,879
Pessoa412,pessoa412@email.com,2024-05-21,Cidade13,886
Pessoa413,pessoa413@email.com,22/06/2024,Cidade14,893
Pessoa413,pessoa413@email.com,07-23-2024,Cidade15,900
Pessoa415,pessoa415@email.com,2024/08/24,Cidade16,907
Pessoa416,pessoa416@email.com,2024-09-25,Cidade17,914
Pessoa417,pessoa417@email.com,26/10/2024,Cidade18,921
Pessoa418,pessoa418@email.com,11-27-2024,Cidade19,928
Pessoa419,pessoa419@email.com,2024/12/28,Cidade20,935
Pessoa420,pessoa420@email.com,2024-01-01,Cidade1,942
Pessoa421,pessoa421@email.com,02/02/2024,Cidade2,949
Pessoa422,pessoa422@email.com,03-03-2024,Cidade3,956
Pessoa423,pessoa423@email.com,2024/04/04,Cidade4,963
Pessoa424,pessoa424@email.com,2024-05-05,Cidade5,970
,,,,
Pessoa426,pessoa426@email.com,07-07-2024,Cidade7,984
Pessoa427,pessoa427@email.com,2024/08/08,Cidade8,991
Pessoa428,pessoa428@email.com,2024-09-09,Cidade9,998
Pessoa429,pessoa429@email.com,10/10/2024,Cidade10,6
Pessoa430,pessoa430@email.com,11-11-2024,Cidade11,13
Pessoa431,pessoa431@email.com,2024/12/12,Cidade12,20
Pessoa432,pessoa432@email.com,2024-01-13,Cidade13,27
Pessoa433,pessoa433@email.com,14/02/2024,Cidade14,34
Pessoa434,pessoa434@email.com,03-15-2024,Cidade15,41
Pessoa435,pessoa435@email.com,2024/04/16,Cidade16,48
Pessoa436,pessoa436@email.com,2024-05-17,Cidade17,55
Pessoa436,pessoa436@email.com,18/06/2024,Cidade18,62
Pessoa438,pessoa438@email.com,07-19-2024,Cidade19,69
Pessoa439,pessoa439@email.com,2024/08/20,Cidade20,76
Pessoa440,pessoa440@email.com,2024-09-21,Cidade1,83
Pessoa441,pessoa441@email.com,22/10/2024,Cidade2,90
,,,,
Pessoa443,pessoa443@email.com,2024/12/24,Cidade4,104
Pessoa444,pessoa444@email.com,2024-01-25,Cidade5,111
Pessoa445,pessoa445@email.com,26/02/2024,Cidade6,118
Pessoa446,pessoa446@email.com,03-27-2024,Cidade7,125
Pessoa447,pessoa447@email.com,2024/04/28,Cidade8,132
Pessoa448,pessoa448@email.com,2024-05-01,Cidade9,139
Pessoa449,pessoa449@email.com,02/06/2024,Cidade10,146
Pessoa450,pessoa450@email.com,07-03-2024,Cidade11,153
Pessoa451,pessoa451@email.com,01/02/2024,Cidade12,160
Pessoa452,pessoa452@email.com,2024-09-05,Cidade13,167
Pessoa453,pessoa453@email.com,06/10/2024,Cidade14,174
Pessoa454,pessoa454@email.com,11-07-2024,Cidade15,181
Pessoa455,pessoa455@email.com,2024/12/08,Cidade16,188
Pessoa456,pessoa456@email.com,2024-01-09,Cidade17,195
Pessoa457,pessoa457@email.com,10/02/2024,Cidade18,202
Pessoa458,pessoa458@email.com,03-11-2024,Cidade19,209
,,,,
Pessoa459,pessoa459@email.com,2024-05-13,Cidade1,223
Pessoa461,pessoa461@email.com,14/06/2024,Cidade2,230
Pessoa462,pessoa462@email.com,07-15-2024,Cidade3,237
Pessoa463,pessoa463@email.com,2024/08/16,Cidade4,244
Pessoa464,pessoa464@email.com,2024-09-17,Cidade5,251
Pessoa465,pessoa465@email.com,18/10/2024,Cidade6,258
Pessoa466,pessoa466@email.com,11-19-2024,Cidade7,265
Pessoa467,pessoa467@email.com,2024/12/20,Cidade8,272
Pessoa468,pessoa468@email.com,2024-01-21,Cidade9,279
Pessoa469,pessoa469@email.com,22/02/2024,Cidade10,286
Pessoa470,pessoa470@email.com,03-23-2024,Cidade11,293
Pessoa471,pessoa471@email.com,2024/04/24,Cidade12,300
Pessoa472,pessoa472@email.com,2024-05-25,Cidade13,307
Pessoa473,pessoa473@email.com,26/06/2024,Cidade14,314
Pessoa474,pessoa474@email.com,07-27-2024,Cidade15,321
Pessoa475,pessoa475@email.com,2024/08/28,Cidade16,328
,,,,
Pessoa477,pessoa477@email.com,02/10/2024,Cidade18,342
Pessoa478,pessoa478@email.com,11-03-2024,Cidade19,349
Pessoa479,pessoa479@email.com,2024/12/04,Cidade20,356
Pessoa480,pessoa480@email.com,2024-01-05,Cidade1,363
Pessoa481,pessoa481@email.com,06/02/2024,Cidade2,370
Pessoa482,pessoa482@email.com,03-07-2024,Cidade3,377
Pessoa482,pessoa482@email.com,2024/04/08,Cidade4,384
Pessoa484,pessoa484@email.com,2024-05-09,Cidade5,391
Pessoa485,pessoa485@email.com,10/06/2024,Cidade6,398
Pessoa486,pessoa486@email.com,07-11-2024,Cidade7,405
Pessoa487,pessoa487@email.com,2024/08/12,Cidade8,412
Pessoa488,pessoa488@email.com,2024-09-13,Cidade9,419
Pessoa489,pessoa489@email.com,14/10/2024,Cidade10,426
Pessoa490,pessoa490@email.com,11-15-2024,Cidade11,433
Pessoa491,pessoa491@email.com,2024/12/16,Cidade12,440
Pessoa492,pessoa492@email.com,01/02/2024,Cidade13,447
,,,,
Pessoa494,pessoa494@email.com,03-19-2024,Cidade15,461
Pessoa495,pessoa495@email.com,2024/04/20,Cidade16,468
Pessoa496,pessoa496@email.com,2024-05-21,Cidade17,475
Pessoa497,pessoa497@email.com,22/06/2024,Cidade18,482
Pessoa498,pessoa498@email.com,07-23-2024,Cidade19,489
Pessoa499,pessoa499@email.com,2024/08/24,Cidade20,496
Pessoa500,pessoa500@email.com,2024-09-25,Cidade1,503
Pessoa501,pessoa501@email.com,26/10/2024,Cidade2,510
Pessoa502,pessoa502@email.com,11-27-2024,Cidade3,517
Pessoa503,pessoa503@email.com,2024/12/28,Cidade4,524
Pessoa504,pessoa504@email.com,2024-01-01,Cidade5,531
Pessoa505,pessoa505@email.com,02/02/2024,Cidade6,538
Pessoa505,pessoa505@email.com,03-03-2024,Cidade7,545
Pessoa507,pessoa507@email.com,2024/04/04,Cidade8,552
Pessoa508,pessoa508@email.com,2024-05-05,Cidade9,559
Pessoa509,pessoa509@email.com,06/06/2024,Cidade10,566
,,,,
Pessoa511,pessoa511@email.com,2024/08/08,Cidade12,580
Pessoa512,pessoa512@email.com,2024-09-09,Cidade13,587
Pessoa513,pessoa513@email.com,10/10/2024,Cidade14,594
Pessoa514,pessoa514@email.com,11-11-2024,Cidade15,601
Pessoa515,pessoa515@email.com,2024/12/12,Cidade16,608
Pessoa516,pessoa516@email.com,2024-01-13,Cidade17,615
Pessoa517,pessoa517@email.com,14/02/2024,Cidade18,622
Pessoa518,pessoa518@email.com,03-15-2024,Cidade19,629
Pessoa519,pessoa519@email.com,2024/04/16,Cidade20,636
Pessoa520,pessoa520@email.com,2024-05-17,Cidade1,643
Pessoa521,pessoa521@email.com,18/06/2024,Cidade2,650
Pessoa522,pessoa522@email.com,07-19-2024,Cidade3,657
Pessoa523,pessoa523@email.com,2024/08/20,Cidade4,664
Pessoa524,pessoa524@email.com,2024-09-21,Cidade5,671
Pessoa525,pessoa525@email.com,22/10/2024,Cidade6,678
Pessoa526,pessoa526@email.com,11-23-2024,Cidade7,685
,,,,
Pessoa528,pessoa528@email.com,2024-01-25,Cidade9,699
Pessoa528,pessoa528@email.com,26/02/2024,Cidade10,706
Pessoa530,pessoa530@email.com,03-27-2024,Cidade11,713
Pessoa531,pessoa531@email.com,2024/04/28,Cidade12,720
Pessoa532,pessoa532@email.com,2024-05-01,Cidade13,727
Pessoa533,pessoa533@email.com,01/02/2024,Cidade14,734
Pessoa534,pessoa534@email.com,07-03-2024,Cidade15,741
Pessoa535,pessoa535@email.com,2024/08/04,Cidade16,748
Pessoa536,pessoa536@email.com,2024-09-05,Cidade17,755
Pessoa537,pessoa537@email.com,06/10/2024,Cidade18,762
Pessoa538,pessoa538@email.com,11-07-2024,Cidade19,769
Pessoa539,pessoa539@email.com,2024/12/08,Cidade20,776
Pessoa540,pessoa540@email.com,2024-01-09,Cidade1,783
Pessoa541,pessoa541@email.com,10/02/2024,Cidade2,790
Pessoa542,pessoa542@email.com,03-11-2024,Cidade3,797
Pessoa543,pessoa543@email.com,2024/04/12,Cidade4,804
,,,,
Pessoa545,pessoa545@email.com,14/06/2024,Cidade6,818
Pessoa546,pessoa546@email.com,07-15-2024,Cidade7,825
Pessoa547,pessoa547@email.com,2024/08/16,Cidade8,832
Pessoa548,pessoa548@email.com,2024-09-17,Cidade9,839
Pessoa549,pessoa549@email.com,18/10/2024,Cidade10,846
Pessoa550,pessoa550@email.com,11-19-2024,Cidade11,853
Pessoa551,pessoa551@email.com,2024/12/20,Cidade12,860
Pessoa551,pessoa551@email.com,2024-01-21,Cidade13,867
Pessoa553,pessoa553@email.com,22/02/2024,Cidade14,874
Pessoa554,pessoa554@email.com,03-23-2024,Cidade15,881
Pessoa555,pessoa555@email.com,2024/04/24,Cidade16,888
Pessoa556,pessoa556@email.com,2024-05-25,Cidade17,895
Pessoa557,pessoa557@email.com,26/06/2024,Cidade18,902
Pessoa558,pessoa558@email.com,07-27-2024,Cidade19,909
Pessoa559,pessoa559@email.com,2024/08/28,Cidade20,916
Pessoa560,pessoa560@email.com,2024-09-01,Cidade1,923
,,,,
Pessoa562,pessoa562@email.com,11-03-2024,Cidade3,937
Pessoa563,pessoa563@email.com,2024/12/04,Cidade4,944
Pessoa564,pessoa564@email.com,2024-01-05,Cidade5,951
Pessoa565,pessoa565@email.com,06/02/2024,Cidade6,958
Pessoa566,pessoa566@email.com,03-07-2024,Cidade7,965
Pessoa567,pessoa567@email.com,2024/04/08,Cidade8,972
Pessoa568,pessoa568@email.com,2024-05-09,Cidade9,979
Pessoa569,pessoa569@email.com,10/06/2024,Cidade10,986
Pessoa570,pessoa570@email.com,07-11-2024,Cidade11,993
Pessoa571,pessoa571@email.com,2024/08/12,Cidade12,1
Pessoa572,pessoa572@email.com,2024-09-13,Cidade13,8
Pessoa573,pessoa573@email.com,14/10/2024,Cidade14,15
Pessoa574,pessoa574@email.com,01/02/2024,Cidade15,22
Pessoa574,pessoa574@email.com,2024/12/16,Cidade16,29
Pessoa576,pessoa576@email.com,2024-01-17,Cidade17,36
Pessoa577,pessoa577@email.com,18/02/2024,Cidade18,43
,,,,
Pessoa579,pessoa579@email.com,2024/04/20,Cidade20,57
Pessoa580,pessoa580@email.com,2024-05-21,Cidade1,64
Pessoa581,pessoa581@email.com,22/06/2024,Cidade2,71
Pessoa582,pessoa582@email.com,07-23-2024,Cidade3,78
Pessoa583,pessoa583@email.com,2024/08/24,Cidade4,85
Pessoa584,pessoa584@email.com,2024-09-25,Cidade5,92
Pessoa585,pessoa585@email.com,26/10/2024,Cidade6,99
Pessoa586,pessoa586@email.com,11-27-2024,Cidade7,106
Pessoa587,pessoa587@email.com,2024/12/28,Cidade8,113
Pessoa588,pessoa588@email.com,2024-01-01,Cidade9,120
Pessoa589,pessoa589@email.com,02/02/2024,Cidade10,127
Pessoa590,pessoa590@email.com,03-03-2024,Cidade11,134
Pessoa591,pessoa591@email.com,2024/04/04,Cidade12,141
Pessoa592,pessoa592@email.com,2024-05-05,Cidade13,148
Pessoa593,pessoa593@email.com,06/06/2024,Cidade14,155
Pessoa594,pessoa594@email.com,07-07-2024,Cidade15,162
,,,,
Pessoa596,pessoa596@email.com,2024-09-09,Cidade17,176
Pessoa597,pessoa597@email.com,10/10/2024,Cidade18,183
Pessoa597,pessoa597@email.com,11-11-2024,Cidade19,190
Pessoa599,pessoa599@email.com,2024/12/12,Cidade20,197
Pessoa600,pessoa600@email.com,2024-01-13,Cidade1,204
Pessoa601,pessoa601@email.com,14/02/2024,Cidade2,211
Pessoa602,pessoa602@email.com,03-15-2024,Cidade3,218
Pessoa603,pessoa603@email.com,2024/04/16,Cidade4,225
Pessoa604,pessoa604@email.com,2024-05-17,Cidade5,232
Pessoa605,pessoa605@email.com,18/06/2024,Cidade6,239
Pessoa606,pessoa606@email.com,07-19-2024,Cidade7,246
Pessoa607,pessoa607@email.com,2024/08/20,Cidade8,253
Pessoa608,pessoa608@email.com,2024-09-21,Cidade9,260
Pessoa609,pessoa609@email.com,22/10/2024,Cidade10,267
Pessoa610,pessoa610@email.com,11-23-2024,Cidade11,274
Pessoa611,pessoa611@email.com,2024/12/24,Cidade12,281
,,,,
Pessoa613,pessoa613@email.com,26/02/2024,Cidade14,295
Pessoa614,pessoa614@email.com,03-27-2024,Cidade15,302
Pessoa615,pessoa615@email.com,01/02/2024,Cidade16,309
Pessoa616,pessoa616@email.com,2024-05-01,Cidade17,316
Pessoa617,pessoa617@email.com,02/06/2024,Cidade18,323
Pessoa618,pessoa618@email.com,07-03-2024,Cidade19,330
Pessoa619,pessoa619@email.com,2024/08/04,Cidade20,337
Pessoa620,pessoa620@email.com,2024-09-05,Cidade1,344
Pessoa620,pessoa620@email.com,06/10/2024,Cidade2,351
Pessoa622,pessoa622@email.com,11-07-2024,Cidade3,358
Pessoa623,pessoa623@email.com,2024/12/08,Cidade4,365
Pessoa624,pessoa624@email.com,2024-01-09,Cidade5,372
Pessoa625,pessoa625@email.com,10/02/2024,Cidade6,379
Pessoa626,pessoa626@email.com,03-11-2024,Cidade7,386
Pessoa627,pessoa627@email.com,2024/04/12,Cidade8,393
Pessoa628,pessoa628@email.com,2024-05-13,Cidade9,400
,,,,
Pessoa630,pessoa630@email.com,07-15-2024,Cidade11,414
Pessoa631,pessoa631@email.com,2024/08/16,Cidade12,421
Pessoa632,pessoa632@email.com,2024-09-17,Cidade13,428
Pessoa633,pessoa633@email.com,18/10/2024,Cidade14,435
Pessoa634,pessoa634@email.com,11-19-2024,Cidade15,442
Pessoa635,pessoa635@email.com,2024/12/20,Cidade16,449
Pessoa636,pessoa636@email.com,2024-01-21,Cidade17,456
Pessoa637,pessoa637@email.com,22/02/2024,Cidade18,463
Pessoa638,pessoa638@email.com,03-23-2024,Cidade19,470
Pessoa639,pessoa639@email.com,2024/04/24,Cidade20,477
Pessoa640,pessoa640@email.com,2024-05-25,Cidade1,484
Pessoa641,pessoa641@email.com,26/06/2024,Cidade2,491
Pessoa642,pessoa642@email.com,07-27-2024,Cidade3,498
Pessoa643,pessoa643@email.com,2024/08/28,Cidade4,505
Pessoa643,pessoa643@email.com,2024-09-01,Cidade5,512
Pessoa645,pessoa645@email.com,02/10/2024,Cidade6,519
,,,,
Pessoa647,pessoa647@email.com,2024/12/04,Cidade8,533
Pessoa648,pessoa648@email.com,2024-01-05,Cidade9,540
Pessoa649,pessoa649@email.com,06/02/2024,Cidade10,547
Pessoa650,pessoa650@email.com,03-07-2024,Cidade11,554
Pessoa651,pessoa651@email.com,2024/04/08,Cidade12,561
Pessoa652,pessoa652@email.com,2024-05-09,Cidade13,568
Pessoa653,pessoa653@email.com,10/06/2024,Cidade14,575
Pessoa654,pessoa654@email.com,07-11-2024,Cidade15,582
Pessoa655,pessoa655@email.com,2024/08/12,Cidade16,589
Pessoa656,pessoa656@email.com,01/02/2024,Cidade17,596
Pessoa657,pessoa657@email.com,14/10/2024,Cidade18,603
Pessoa658,pessoa658@email.com,11-15-2024,Cidade19,610
Pessoa659,pessoa659@email.com,2024/12/16,Cidade20,617
Pessoa660,pessoa660@email.com,2024-01-17,Cidade1,624
Pessoa661,pessoa661@email.com,18/02/2024,Cidade2,631
Pessoa662,pessoa662@email.com,03-19-2024,Cidade3,638
,,,,
Pessoa664,pessoa664@email.com,2024-05-21,Cidade5,652
Pessoa665,pessoa665@email.com,22/06/2024,Cidade6,659
Pessoa666,pessoa666@email.com,07-23-2024,Cidade7,666
Pessoa666,pessoa666@email.com,2024/08/24,Cidade8,673
Pessoa668,pessoa668@email.com,2024-09-25,Cidade9,680
Pessoa669,pessoa669@email.com,26/10/2024,Cidade10,687
Pessoa670,pessoa670@email.com,11-27-2024,Cidade11,694
Pessoa671,pessoa671@email.com,2024/12/28,Cidade12,701
Pessoa672,pessoa672@email.com,2024-01-01,Cidade13,708
Pessoa673,pessoa673@email.com,02/02/2024,Cidade14,715
Pessoa674,pessoa674@email.com,03-03-2024,Cidade15,722
Pessoa675,pessoa675@email.com,2024/04/04,Cidade16,729
Pessoa676,pessoa676@email.com,2024-05-05,Cidade17,736
Pessoa677,pessoa677@email.com,06/06/2024,Cidade18,743
Pessoa678,pessoa678@email.com,07-07-2024,Cidade19,750
Pessoa679,pessoa679@email.com,2024/08/08,Cidade20,757
,,,,
Pessoa681,pessoa681@email.com,10/10/2024,Cidade2,771
Pessoa682,pessoa682@email.com,11-11-2024,Cidade3,778
Pessoa683,pessoa683@email.com,2024/12/12,Cidade4,785
Pessoa684,pessoa684@email.com,2024-01-13,Cidade5,792
Pessoa685,pessoa685@email.com,14/02/2024,Cidade6,799
Pessoa686,pessoa686@email.com,03-15-2024,Cidade7,806
Pessoa687,pessoa687@email.com,2024/04/16,Cidade8,813
Pessoa688,pessoa688@email.com,2024-05-17,Cidade9,820
Pessoa689,pessoa689@email.com,18/06/2024,Cidade10,827
Pessoa689,pessoa689@email.com,07-19-2024,Cidade11,834
Pessoa691,pessoa691@email.com,2024/08/20,Cidade12,841
Pessoa692,pessoa692@email.com,2024-09-21,Cidade13,848
Pessoa693,pessoa693@email.com,22/10/2024,Cidade14,855
Pessoa694,pessoa694@email.com,11-23-2024,Cidade15,862
Pessoa695,pessoa695@email.com,2024/12/24,Cidade16,869
Pessoa696,pessoa696@email.com,2024-01-25,Cidade17,876
,,,,
Pessoa698,pessoa698@email.com,03-27-2024,Cidade19,890
Pessoa699,pessoa699@email.com,2024/04/28,Cidade20,897
Pessoa700,pessoa700@email.com,2024-05-01,Cidade1,904
Pessoa701,pessoa701@email.com,02/06/2024,Cidade2,911
Pessoa702,pessoa702@email.com,07-03-2024,Cidade3,918
Pessoa703,pessoa703@email.com,2024/08/04,Cidade4,925
Pessoa704,pessoa704@email.com,2024-09-05,Cidade5,932
Pessoa705,pessoa705@email.com,06/10/2024,Cidade6,939
Pessoa706,pessoa706@email.com,11-07-2024,Cidade7,946
Pessoa707,pessoa707@email.com,2024/12/08,Cidade8,953
Pessoa708,pessoa708@email.com,2024-01-09,Cidade9,960
Pessoa709,pessoa709@email.com,10/02/2024,Cidade10,967
Pessoa710,pessoa710@email.com,03-11-2024,Cidade11,974
Pessoa711,pessoa711@email.com,2024/04/12,Cidade12,981
Pessoa712,pessoa712@email.com,2024-05-13,Cidade13,988
Pessoa712,pessoa712@email.com,14/06/2024,Cidade14,995
,,,,
Pessoa715,pessoa715@email.com,2024/08/16,Cidade16,10
Pessoa716,pessoa716@email.com,2024-09-17,Cidade17,17
Pessoa717,pessoa717@email.com,18/10/2024,Cidade18,24
Pessoa718,pessoa718@email.com,11-19-2024,Cidade19,31
Pessoa719,pessoa719@email.com,2024/12/20,Cidade20,38
Pessoa720,pessoa720@email.com,2024-01-21,Cidade1,45
Pessoa721,pessoa721@email.com,22/02/2024,Cidade2,52
Pessoa722,pessoa722@email.com,03-23-2024,Cidade3,59
Pessoa723,pessoa723@email.com,2024/04/24,Cidade4,66
Pessoa724,pessoa724@email.com,2024-05-25,Cidade5,73
Pessoa725,pessoa725@email.com,26/06/2024,Cidade6,80
Pessoa726,pessoa726@email.com,07-27-2024,Cidade7,87
Pessoa727,pessoa727@email.com,2024/08/28,Cidade8,94
Pessoa728,pessoa728@email.com,2024-09-01,Cidade9,101
Pessoa729,pessoa729@email.com,02/10/2024,Cidade10,108
Pessoa730,pessoa730@email.com,11-03-2024,Cidade11,115
,,,,
Pessoa732,pessoa732@email.com,2024-01-05,Cidade13,129
Pessoa733,pessoa733@email.com,06/02/2024,Cidade14,136
Pessoa734,pessoa734@email.com,03-07-2024,Cidade15,143
Pessoa735,pessoa735@email.com,2024/04/08,Cidade16,150
Pessoa735,pessoa735@email.com,2024-05-09,Cidade17,157
Pessoa737,pessoa737@email.com,10/06/2024,Cidade18,164
Pessoa738,pessoa738@email.com,01/02/2024,Cidade19,171
Pessoa739,pessoa739@email.com,2024/08/12,Cidade20,178
Pessoa740,pessoa740@email.com,2024-09-13,Cidade1,185
Pessoa741,pessoa741@email.com,14/10/2024,Cidade2,192
Pessoa742,pessoa742@email.com,11-15-2024,Cidade3,199
Pessoa743,pessoa743@email.com,2024/12/16,Cidade4,206
Pessoa744,pessoa744@email.com,2024-01-17,Cidade5,213
Pessoa745,pessoa745@email.com,18/02/2024,Cidade6,220
Pessoa746,pessoa746@email.com,03-19-2024,Cidade7,227
Pessoa747,pessoa747@email.com,2024/04/20,Cidade8,234
,,,,
Pessoa749,pessoa749@email.com,22/06/2024,Cidade10,248
Pessoa750,pessoa750@email.com,07-23-2024,Cidade11,255
Pessoa751,pessoa751@email.com,2024/08/24,Cidade12,262
Pessoa752,pessoa752@email.com,2024-09-25,Cidade13,269
Pessoa753,pessoa753@email.com,26/10/2024,Cidade14,276
Pessoa754,pessoa754@email.com,11-27-2024,Cidade15,283
Pessoa755,pessoa755@email.com,2024/12/28,Cidade16,290
Pessoa756,pessoa756@email.com,2024-01-01,Cidade17,297
Pessoa757,pessoa757@email.com,02/02/2024,Cidade18,304
Pessoa758,pessoa758@email.com,03-03-2024,Cidade19,311
Pessoa758,pessoa758@email.com,2024/04/04,Cidade20,318
Pessoa760,pessoa760@email.com,2024-05-05,Cidade1,325
Pessoa761,pessoa761@email.com,06/06/2024,Cidade2,332
Pessoa762,pessoa762@email.com,07-07-2024,Cidade3,339
Pessoa763,pessoa763@email.com,2024/08/08,Cidade4,346
Pessoa764,pessoa764@email.com,2024-09-09,Cidade5,353
,,,,
Pessoa766,pessoa766@email.com,11-11-2024,Cidade7,367
Pessoa767,pessoa767@email.com,2024/12/12,Cidade8,374
Pessoa768,pessoa768@email.com,2024-01-13,Cidade9,381
Pessoa769,pessoa769@email.com,14/02/2024,Cidade10,388
Pessoa770,pessoa770@email.com,03-15-2024,Cidade11,395
Pessoa771,pessoa771@email.com,2024/04/16,Cidade12,402
Pessoa772,pessoa772@email.com,2024-05-17,Cidade13,409
Pessoa773,pessoa773@email.com,18/06/2024,Cidade14,416
Pessoa774,pessoa774@email.com,07-19-2024,Cidade15,423
Pessoa775,pessoa775@email.com,2024/08/20,Cidade16,430
Pessoa776,pessoa776@email.com,2024-09-21,Cidade17,437
Pessoa777,pessoa777@email.com,22/10/2024,Cidade18,444
Pessoa778,pessoa778@email.com,11-23-2024,Cidade19,451
Pessoa779,pessoa779@email.com,01/02/2024,Cidade20,458
Pessoa780,pessoa780@email.com,2024-01-25,Cidade1,465
Pessoa781,pessoa781@email.com,26/02/2024,Cidade2,472
,,,,
Pessoa783,pessoa783@email.com,2024/04/28,Cidade4,486
Pessoa784,pessoa784@email.com,2024-05-01,Cidade5,493
Pessoa785,pessoa785@email.com,02/06/2024,Cidade6,500
Pessoa786,pessoa786@email.com,07-03-2024,Cidade7,507
Pessoa787,pessoa787@email.com,2024/08/04,Cidade8,514
Pessoa788,pessoa788@email.com,2024-09-05,Cidade9,521
Pessoa789,pessoa789@email.com,06/10/2024,Cidade10,528
Pessoa790,pessoa790@email.com,11-07-2024,Cidade11,535
Pessoa791,pessoa791@email.com,2024/12/08,Cidade12,542
Pessoa792,pessoa792@email.com,2024-01-09,Cidade13,549
Pessoa793,pessoa793@email.com,10/02/2024,Cidade14,556
Pessoa794,pessoa794@email.com,03-11-2024,Cidade15,563
Pessoa795,pessoa795@email.com,2024/04/12,Cidade16,570
Pessoa796,pessoa796@email.com,2024-05-13,Cidade17,577
Pessoa797,pessoa797@email.com,14/06/2024,Cidade18,584
Pessoa798,pessoa798@email.com,07-15-2024,Cidade19,591
,,,,
Pessoa800,pessoa800@email.com,2024-09-17,Cidade1,605
Pessoa801,pessoa801@email.com,18/10/2024,Cidade2,612
Pessoa802,pessoa802@email.com,11-19-2024,Cidade3,619
Pessoa803,pessoa803@email.com,2024/12/20,Cidade4,626
Pessoa804,pessoa804@email.com,2024-01-21,Cidade5,633
Pessoa804,pessoa804@email.com,22/02/2024,Cidade6,640
Pessoa806,pessoa806@email.com,03-23-2024,Cidade7,647
Pessoa807,pessoa807@email.com,2024/04/24,Cidade8,654
Pessoa808,pessoa808@email.com,2024-05-25,Cidade9,661
Pessoa809,pessoa809@email.com,26/06/2024,Cidade10,668
Pessoa810,pessoa810@email.com,07-27-2024,Cidade11,675
Pessoa811,pessoa811@email.com,2024/08/28,Cidade12,682
Pessoa812,pessoa812@email.com,2024-09-01,Cidade13,689
Pessoa813,pessoa813@email.com,02/10/2024,Cidade14,696
Pessoa814,pessoa814@email.com,11-03-2024,Cidade15,703
Pessoa815,pessoa815@email.com,2024/12/04,Cidade16,710
,,,,
Pessoa817,pessoa817@email.com,06/02/2024,Cidade18,724
Pessoa818,pessoa818@email.com,03-07-2024,Cidade19,731
Pessoa819,pessoa819@email.com,2024/04/08,Cidade20,738
Pessoa820,pessoa820@email.com,01/02/2024,Cidade1,745
Pessoa821,pessoa821@email.com,10/06/2024,Cidade2,752
Pessoa822,pessoa822@email.com,07-11-2024,Cidade3,759
Pessoa823,pessoa823@email.com,2024/08/12,Cidade4,766
Pessoa824,pessoa824@email.com,2024-09-13,Cidade5,773
Pessoa825,pessoa825@email.com,14/10/2024,Cidade6,780
Pessoa826,pessoa826@email.com,11-15-2024,Cidade7,787
Pessoa827,pessoa827@email.com,2024/12/16,Cidade8,794
Pessoa827,pessoa827@email.com,2024-01-17,Cidade9,801
Pessoa829,pessoa829@email.com,18/02/2024,Cidade10,808
Pessoa830,pessoa830@email.com,03-19-2024,Cidade11,815
Pessoa831,pessoa831@email.com,2024/04/20,Cidade12,822
Pessoa832,pessoa832@email.com,2024-05-21,Cidade13,829
,,,,
Pessoa834,pessoa834@email.com,07-23-2024,Cidade15,843
Pessoa835,pessoa835@email.com,2024/08/24,Cidade16,850
Pessoa836,pessoa836@email.com,2024-09-25,Cidade17,857
Pessoa837,pessoa837@email.com,26/10/2024,Cidade18,864
Pessoa838,pessoa838@email.com,11-27-2024,Cidade19,871
Pessoa839,pessoa839@email.com,2024/12/28,Cidade20,878
Pessoa840,pessoa840@email.com,2024-01-01,Cidade1,885
Pessoa841,pessoa841@email.com,02/02/2024,Cidade2,892
Pessoa842,pessoa842@email.com,03-03-2024,Cidade3,899
Pessoa843,pessoa843@email.com,2024/04/04,Cidade4,906
Pessoa844,pessoa844@email.com,2024-05-05,Cidade5,913
Pessoa845,pessoa845@email.com,06/06/2024,Cidade6,920
Pessoa846,pessoa846@email.com,07-07-2024,Cidade7,927
Pessoa847,pessoa847@email.com,2024/08/08,Cidade8,934
Pessoa848,pessoa848@email.com,2024-09-09,Cidade9,941
Pessoa849,pessoa849@email.com,10/10/2024,Cidade10,948
,,,,
Pessoa850,pessoa850@email.com,2024/12/12,Cidade12,962
Pessoa852,pessoa852@email.com,2024-01-13,Cidade13,969
Pessoa853,pessoa853@email.com,14/02/2024,Cidade14,976
Pessoa854,pessoa854@email.com,03-15-2024,Cidade15,983
Pessoa855,pessoa855@email.com,2024/04/16,Cidade16,990
Pessoa856,pessoa856@email.com,2024-05-17,Cidade17,997
Pessoa857,pessoa857@email.com,18/06/2024,Cidade18,5
Pessoa858,pessoa858@email.com,07-19-2024,Cidade19,12
Pessoa859,pessoa859@email.com,2024/08/20,Cidade20,19
Pessoa860,pessoa860@email.com,2024-09-21,Cidade1,26
Pessoa861,pessoa861@email.com,01/02/2024,Cidade2,33
Pessoa862,pessoa862@email.com,11-23-2024,Cidade3,40
Pessoa863,pessoa863@email.com,2024/12/24,Cidade4,47
Pessoa864,pessoa864@email.com,2024-01-25,Cidade5,54
Pessoa865,pessoa865@email.com,26/02/2024,Cidade6,61
Pessoa866,pessoa866@email.com,03-27-2024,Cidade7,68
,,,,
Pessoa868,pessoa868@email.com,2024-05-01,Cidade9,82
Pessoa869,pessoa869@email.com,02/06/2024,Cidade10,89
Pessoa870,pessoa870@email.com,07-03-2024,Cidade11,96
Pessoa871,pessoa871@email.com,2024/08/04,Cidade12,103
Pessoa872,pessoa872@email.com,2024-09-05,Cidade13,110
Pessoa873,pessoa873@email.com,06/10/2024,Cidade14,117
Pessoa873,pessoa873@email.com,11-07-2024,Cidade15,124
Pessoa875,pessoa875@email.com,2024/12/08,Cidade16,131
Pessoa876,pessoa876@email.com,2024-01-09,Cidade17,138
Pessoa877,pessoa877@email.com,10/02/2024,Cidade18,145
Pessoa878,pessoa878@email.com,03-11-2024,Cidade19,152
Pessoa879,pessoa879@email.com,2024/04/12,Cidade20,159
Pessoa880,pessoa880@email.com,2024-05-13,Cidade1,166
Pessoa881,pessoa881@email.com,14/06/2024,Cidade2,173
Pessoa882,pessoa882@email.com,07-15-2024,Cidade3,180
Pessoa883,pessoa883@email.com,2024/08/16,Cidade4,187
,,,,
Pessoa885,pessoa885@email.com,18/10/2024,Cidade6,201
Pessoa886,pessoa886@email.com,11-19-2024,Cidade7,208
Pessoa887,pessoa887@email.com,2024/12/20,Cidade8,215
Pessoa888,pessoa888@email.com,2024-01-21,Cidade9,222
Pessoa889,pessoa889@email.com,22/02/2024,Cidade10,229
Pessoa890,pessoa890@email.com,03-23-2024,Cidade11,236
Pessoa891,pessoa891@email.com,2024/04/24,Cidade12,243
Pessoa892,pessoa892@email.com,2024-05-25,Cidade13,250
Pessoa893,pessoa893@email.com,26/06/2024,Cidade14,257
Pessoa894,pessoa894@email.com,07-27-2024,Cidade15,264
Pessoa895,pessoa895@email.com,2024/08/28,Cidade16,271
Pessoa896,pessoa896@email.com,2024-09-01,Cidade17,278
Pessoa896,pessoa896@email.com,02/10/2024,Cidade18,285
Pessoa898,pessoa898@email.com,11-03-2024,Cidade19,292
Pessoa899,pessoa899@email.com,2024/12/04,Cidade20,299
Pessoa900,pessoa900@email.com,2024-01-05,Cidade1,306
,,,,
Pessoa902,pessoa902@email.com,01/02/2024,Cidade3,320
Pessoa903,pessoa903@email.com,2024/04/08,Cidade4,327
Pessoa904,pessoa904@email.com,2024-05-09,Cidade5,334
Pessoa905,pessoa905@email.com,10/06/2024,Cidade6,341
Pessoa906,pessoa906@email.com,07-11-2024,Cidade7,348
Pessoa907,pessoa907@email.com,2024/08/12,Cidade8,355
Pessoa908,pessoa908@email.com,2024-09-13,Cidade9,362
Pessoa909,pessoa909@email.com,14/10/2024,Cidade10,369
Pessoa910,pessoa910@email.com,11-15-2024,Cidade11,376
Pessoa911,pessoa911@email.com,2024/12/16,Cidade12,383
Pessoa912,pessoa912@email.com,2024-01-17,Cidade13,390
Pessoa913,pessoa913@email.com,18/02/2024,Cidade14,397
Pessoa914,pessoa914@email.com,03-19-2024,Cidade15,404
Pessoa915,pessoa915@email.com,2024/04/20,Cidade16,411
Pessoa916,pessoa916@email.com,2024-05-21,Cidade17,418
Pessoa917,pessoa917@email.com,22/06/2024,Cidade18,425
,,,,
Pessoa919,pessoa919@email.com,2024/08/24,Cidade20,439
Pessoa919,pessoa919@email.com,2024-09-25,Cidade1,446
Pessoa921,pessoa921@email.com,26/10/2024,Cidade2,453
Pessoa922,pessoa922@email.com,11-27-2024,Cidade3,460
Pessoa923,pessoa923@email.com,2024/12/28,Cidade4,467
Pessoa924,pessoa924@email.com,2024-01-01,Cidade5,474
Pessoa925,pessoa925@email.com,02/02/2024,Cidade6,481
Pessoa926,pessoa926@email.com,03-03-2024,Cidade7,488
Pessoa927,pessoa927@email.com,2024/04/04,Cidade8,495
Pessoa928,pessoa928@email.com,2024-05-05,Cidade9,502
Pessoa929,pessoa929@email.com,06/06/2024,Cidade10,509
Pessoa930,pessoa930@email.com,07-07-2024,Cidade11,516
Pessoa931,pessoa931@email.com,2024/08/08,Cidade12,523
Pessoa932,pessoa932@email.com,2024-09-09,Cidade13,530
Pessoa933,pessoa933@email.com,10/10/2024,Cidade14,537
Pessoa934,pessoa934@email.com,11-11-2024,Cidade15,544
,,,,
Pessoa936,pessoa936@email.com,2024-01-13,Cidade17,558
Pessoa937,pessoa937@email.com,14/02/2024,Cidade18,565
Pessoa938,pessoa938@email.com,03-15-2024,Cidade19,572
Pessoa939,pessoa939@email.com,2024/04/16,Cidade20,579
Pessoa940,pessoa940@email.com,2024-05-17,Cidade1,586
Pessoa941,pessoa941@email.com,18/06/2024,Cidade2,593
Pessoa942,pessoa942@email.com,07-19-2024,Cidade3,600
Pessoa942,pessoa942@email.com,01/02/2024,Cidade4,607
Pessoa944,pessoa944@email.com,2024-09-21,Cidade5,614
Pessoa945,pessoa945@email.com,22/10/2024,Cidade6,621
Pessoa946,pessoa946@email.com,11-23-2024,Cidade7,628
Pessoa947,pessoa947@email.com,2024/12/24,Cidade8,635
Pessoa948,pessoa948@email.com,2024-01-25,Cidade9,642
Pessoa949,pessoa949@email.com,26/02/2024,Cidade10,649
Pessoa950,pessoa950@email.com,03-27-2024,Cidade11,656
Pessoa951,pessoa951@email.com,2024/04/28,Cidade12,663
,,,,
Pessoa953,pessoa953@email.com,02/06/2024,Cidade14,677
Pessoa954,pessoa954@email.com,07-03-2024,Cidade15,684
Pessoa955,pessoa955@email.com,2024/08/04,Cidade16,691
Pessoa956,pessoa956@email.com,2024-09-05,Cidade17,698
Pessoa957,pessoa957@email.com,06/10/2024,Cidade18,705
Pessoa958,pessoa958@email.com,11-07-2024,Cidade19,712
Pessoa959,pessoa959@email.com,2024/12/08,Cidade20,719
Pessoa960,pessoa960@email.com,2024-01-09,Cidade1,726
Pessoa961,pessoa961@email.com,10/02/2024,Cidade2,733
Pessoa962,pessoa962@email.com,03-11-2024,Cidade3,740
Pessoa963,pessoa963@email.com,2024/04/12,Cidade4,747
Pessoa964,pessoa964@email.com,2024-05-13,Cidade5,754
Pessoa965,pessoa965@email.com,14/06/2024,Cidade6,761
Pessoa965,pessoa965@email.com,07-15-2024,Cidade7,768
Pessoa967,pessoa967@email.com,2024/08/16,Cidade8,775
Pessoa968,pessoa968@email.com,2024-09-17,Cidade9,782
,,,,
Pessoa970,pessoa970@email.com,11-19-2024,Cidade11,796
Pessoa971,pessoa971@email.com,2024/12/20,Cidade12,803
Pessoa972,pessoa972@email.com,2024-01-21,Cidade13,810
Pessoa973,pessoa973@email.com,22/02/2024,Cidade14,817
Pessoa974,pessoa974@email.com,03-23-2024,Cidade15,824
Pessoa975,pessoa975@email.com,2024/04/24,Cidade16,831
Pessoa976,pessoa976@email.com,2024-05-25,Cidade17,838
Pessoa977,pessoa977@email.com,26/06/2024,Cidade18,845
Pessoa978,pessoa978@email.com,07-27-2024,Cidade19,852
Pessoa979,pessoa979@email.com,2024/08/28,Cidade20,859
Pessoa980,pessoa980@email.com,2024-09-01,Cidade1,866
Pessoa981,pessoa981@email.com,02/10/2024,Cidade2,873
Pessoa982,pessoa982@email.com,11-03-2024,Cidade3,880
Pessoa983,pessoa983@email.com,2024/12/04,Cidade4,887
Pessoa984,pessoa984@email.com,01/02/2024,Cidade5,894
Pessoa985,pessoa985@email.com,06/02/2024,Cidade6,901
,,,,
Pessoa987,pessoa987@email.com,2024/04/08,Cidade8,915
Pessoa988,pessoa988@email.com,2024-05-09,Cidade9,922
Pessoa988,pessoa988@email.com,10/06/2024,Cidade10,929
Pessoa990,pessoa990@email.com,07-11-2024,Cidade11,936
Pessoa991,pessoa991@email.com,2024/08/12,Cidade12,943
Pessoa992,pessoa992@email.com,2024-09-13,Cidade13,950
Pessoa993,pessoa993@email.com,14/10/2024,Cidade14,957
Pessoa994,pessoa994@email.com,11-15-2024,Cidade15,964
Pessoa995,pessoa995@email.com,2024/12/16,Cidade16,971
Pessoa996,pessoa996@email.com,2024-01-17,Cidade17,978
Pessoa997,pessoa997@email.com,18/02/2024,Cidade18,985
Pessoa998,pessoa998@email.com,03-19-2024,Cidade19,992
Pessoa999,pessoa999@email.com,2024/04/20,Cidade20,0
Pessoa1000,pessoa1000@email.com,2024-05-21,Cidade1,7
